INSERT INTO `dish` (`id`, `name`, `price`, `info_detail`, `image`, `type`, `createAt`, `updateAt`) VALUES
(1, 'Hamburger bò 5', 40000, 'Hamburger nói chung là món ăn được yêu thích trên toàn thế giới với hương vị thơm ngon.', 'upload/hamburgerheo3-1650901432530.png', 'Hamburger', '2022-04-25 22:43:52.539768', '2022-04-25 22:46:44.906435'),
(2, 'Hamburger bò 4', 40000, 'Hamburger nói chung là món ăn được yêu thích trên toàn thế giới với hương vị thơm ngon.', 'upload/hamburgerheo1-1650901418451.png', 'Hamburger', '2022-04-25 22:43:38.473060', '2022-04-25 22:46:49.019266'),
(3, 'Hamburger bò 3', 40000, 'Hamburger nói chung là món ăn được yêu thích trên toàn thế giới với hương vị thơm ngon.', 'upload/hamburgerbo3-1650901403820.jpg', 'Hamburger', '2022-04-25 22:43:23.933087', '2022-04-25 22:46:53.786636'),
(4, 'Hamburger bò 1', 40000, 'Hamburger nói chung là món ăn được yêu thích trên toàn thế giới với hương vị thơm ngon.', 'upload/hamburgerbo2-1650901391655.jpg', 'Hamburger', '2022-04-25 22:43:11.671285', '2022-04-25 22:46:57.708131'),
(6, 'Hamburger bò 6', 40000, 'Hamburger nói chung là món ăn được yêu thích trên toàn thế giới với hương vị thơm ngon.', 'upload/hamburgerheo2-1650901445233.png', 'Hamburger', '2022-04-25 22:44:05.238888', '2022-04-25 22:46:18.721033'),
(9, 'Hamburger bò 2', 40000, 'Hamburger nói chung là món ăn được yêu thích trên toàn thế giới với hương vị thơm ngon.', 'upload/hamburdurbo1-1650896649149.png', 'Hamburger', '2022-04-25 21:24:09.165571', '2022-04-25 22:47:06.278729'),
(10, 'Gà rán đùi', 35000, 'Gà rán miền Nam Hoa Kỳ, hay còn gọi là gà rán, là một món ăn xuất xứ từ miền Nam Hoa Kỳ; ', 'upload/garan1-1650896706990.png', 'Gà rán', '2022-04-25 21:25:07.002531', '2022-04-25 22:47:58.497608'),
(11, 'Combo gà 2', 70000, 'Combo gà rán bao gồm 2 đùi gà thêm pepsi và khoai tây chiên', 'upload/garan-1650896814527.png', 'Gà rán', '2022-04-25 21:26:54.535257', '2022-04-25 21:26:54.535257'),
(12, 'Combo gà 3', 50000, 'Combo gà rán gồm 3 đùi gà chiên', 'upload/garan2-1650896841887.png', 'Gà rán', '2022-04-25 21:27:21.963494', '2022-04-25 21:27:21.963494'),
(13, 'Combo gà 4', 70000, 'Combo gà rán bao gồm 2 đùi gà thêm coca và khoai tây chiên', 'upload/garan3-1650896876113.png', 'Gà rán', '2022-04-25 21:27:56.121795', '2022-04-25 21:27:56.121795'),
(14, 'Combo gà 5', 60000, 'Combo gà rán gồm 3 cánh gà chiên', 'upload/garan5-1650896907495.png', 'Gà rán', '2022-04-25 21:28:27.500046', '2022-04-25 21:28:27.500046'),
(15, 'Gà viên', 40000, 'Gà viên chiên', 'upload/garan4-1650896935759.png', 'Gà rán', '2022-04-25 21:28:55.766569', '2022-04-25 21:28:55.766569'),
(16, 'Bánh socola', 30000, 'Bánh kem socola thơm ngon đặc biệt hấp dẫn người mua', 'upload/banhkem1-1650897001681.png', 'Bánh kem', '2022-04-25 21:30:01.999020', '2022-04-25 21:30:01.999020'),
(17, 'Bánh kem 1', 30000, 'Bánh kem phủ chanh dây thơm ngon đặc biệt hấp dẫn người mua', 'upload/banhkem-1650897077712.png', 'Bánh kem', '2022-04-25 21:31:17.718983', '2022-04-25 22:21:46.411787'),
(19, 'Bánh socola 3', 30000, 'Bánh kem socola thơm ngon đặc biệt hấp dẫn người mua', 'upload/banhkem2-1650897129899.png', 'Bánh kem', '2022-04-25 21:32:09.910552', '2022-04-25 21:32:09.910552'),
(21, 'Gong Cha 1', 25000, 'Gong Cha là một thương hiệu quán đồ uống phong cách Đài Loan bắt nguồn từ thành phố Cao Hùng, Đài Loan.', 'upload/goncha1-1650900832903.png', 'Gong Cha', '2022-04-25 22:33:53.201345', '2022-04-25 22:33:53.201345'),
(22, 'Gong Cha 2', 25000, 'Gong Cha là một thương hiệu quán đồ uống phong cách Đài Loan bắt nguồn từ thành phố Cao Hùng, Đài Loan.', 'upload/gongcha-1650900924277.3png', 'Gong Cha', '2022-04-25 22:35:24.395621', '2022-04-25 22:35:24.395621'),
(23, 'Gong Cha 3', 25000, 'Gong Cha là một thương hiệu quán đồ uống phong cách Đài Loan bắt nguồn từ thành phố Cao Hùng, Đài Loan.', 'upload/gongcha2-1650900972143.png', 'Gong Cha', '2022-04-25 22:36:12.299886', '2022-04-25 22:36:12.299886'),
(24, 'Gong Cha 4', 25000, 'Gong Cha là một thương hiệu quán đồ uống phong cách Đài Loan bắt nguồn từ thành phố Cao Hùng, Đài Loan.', 'upload/gongcha4-1650900986485.png', 'Gong Cha', '2022-04-25 22:36:26.761288', '2022-04-25 22:36:26.761288'),
(25, 'Gong Cha 5', 25000, 'Gong Cha là một thương hiệu quán đồ uống phong cách Đài Loan bắt nguồn từ thành phố Cao Hùng, Đài Loan.', 'upload/gongcha5-1650900999733.png', 'Gong Cha', '2022-04-25 22:36:39.893026', '2022-04-25 22:36:39.893026'),
(26, 'Gong Cha 6', 25000, 'Gong Cha là một thương hiệu quán đồ uống phong cách Đài Loan bắt nguồn từ thành phố Cao Hùng, Đài Loan.', 'upload/gongcha6-1650901011691.png', 'Gong Cha', '2022-04-25 22:36:51.704560', '2022-04-25 22:36:51.704560'),
(27, 'Gong Cha 7', 25000, 'Gong Cha là một thương hiệu quán đồ uống phong cách Đài Loan bắt nguồn từ thành phố Cao Hùng, Đài Loan.', 'upload/gongcha7-1650901032436.png', 'Gong Cha', '2022-04-25 22:37:12.633836', '2022-04-25 22:37:12.633836'),
(28, 'Gong Cha 8', 25000, 'Gong Cha là một thương hiệu quán đồ uống phong cách Đài Loan bắt nguồn từ thành phố Cao Hùng, Đài Loan.', 'upload/gongcha8-1650901046978.png', 'Gong Cha', '2022-04-25 22:37:27.008724', '2022-04-25 22:37:27.008724'),
(29, 'Gong Cha 9', 25000, 'Gong Cha là một thương hiệu quán đồ uống phong cách Đài Loan bắt nguồn từ thành phố Cao Hùng, Đài Loan.', 'upload/gongcha9-1650901059964.png', 'Gong Cha', '2022-04-25 22:37:39.972390', '2022-04-25 22:37:39.972390'),
(30, 'Gong Cha 10', 25000, 'Gong Cha là một thương hiệu quán đồ uống phong cách Đài Loan bắt nguồn từ thành phố Cao Hùng, Đài Loan.', 'upload/gongcha10-1650901073351.png', 'Gong Cha', '2022-04-25 22:37:53.500850', '2022-04-25 22:37:53.500850'),
(31, 'Khoai Tây Chiên', 30000, 'Gà rán miền Nam Hoa Kỳ, hay còn gọi là gà rán, là một món ăn xuất xứ từ miền Nam Hoa Kỳ; ', 'upload/garan6-1650901171667.png', 'Gà rán', '2022-04-25 22:39:31.677745', '2022-04-25 22:48:21.874271'),
(40, 'Ép cam', 25000, 'Ép cam thơm ngon bổ dưỡng mời bạn ăn nha', 'upload/nuocep-1650901823470.png', 'Nước ép', '2022-04-25 22:50:23.492444', '2022-04-25 22:50:23.492444'),
(41, 'Ép ổi', 25000, 'Ép ổi thơm ngon bổ dưỡng mời bạn ăn nha', 'upload/nuocep1-1650901841805.png', 'Nước ép', '2022-04-25 22:50:41.929921', '2022-04-25 22:50:41.929921'),
(42, 'Ép dưa hấu', 25000, 'Ép dưa hấu thơm ngon bổ dưỡng mời bạn ăn nha', 'upload/nuocep2-1650901859421.png', 'Nước ép', '2022-04-25 22:50:59.427352', '2022-04-25 22:50:59.427352'),
(43, 'Ép cà rốt', 25000, 'Ép cà rốt thơm ngon bổ dưỡng mời bạn ăn nha', 'upload/nuocep3-1650901876507.png', 'Nước ép', '2022-04-25 22:51:16.614742', '2022-04-25 22:51:16.614742'),
(44, 'Ép thơm', 25000, 'Ép thơm thơm ngon bổ dưỡng mời bạn ăn nha', 'upload/nuocep4-1650901897341.png', 'Nước ép', '2022-04-25 22:51:37.365870', '2022-04-25 22:51:37.365870'),
(45, 'Ép bưởi', 25000, 'Ép bưởi thơm ngon bổ dưỡng mời bạn ăn nha', 'upload/nuocep5-1650901927342.png', 'Nước ép', '2022-04-25 22:52:07.345393', '2022-04-25 22:52:07.345393');

INSERT INTO `user` (`username`, `password`, `cccd`, `role`, `createAt`, `updateAt`) VALUES
('admin1', 'admin1', '12345', 1, '2022-04-11 15:12:47.000000', '2022-04-11 15:12:47.000000'),
('admin2', 'admin2', '12345', 1, '2022-04-11 15:12:47.000000', '2022-04-11 15:12:47.000000'),
('staff1', 'staff1', '12345', 0, '2022-04-11 15:12:47.000000', '2022-04-11 15:12:47.000000'),
('staff2', 'staff2', '11245', 0, '2022-04-11 15:12:47.000000', '2022-04-11 15:12:47.000000');

INSERT INTO `order`(`id`, `note`, `total`, `orderStatus`, `time`, `createAt`, `updateAt`) VALUES (1,'Ahihi', 60000, false, now(), now(), now());
INSERT INTO `order`(`id`, `note`, `total`, `orderStatus`, `time`, `createAt`, `updateAt`) VALUES (2,'Do Ngoc', 6760000, true, now(), now(), now());
INSERT INTO `order`(`id`, `note`, `total`, `orderStatus`, `time`, `createAt`, `updateAt`) VALUES (3,'NCT', 90000, false, now(), now(), now());

INSERT INTO `contain`(`orderId`, `dishId`, `quantity`) VALUES (1,9,3);
INSERT INTO `contain`(`orderId`, `dishId`, `quantity`) VALUES (1,10,2);
INSERT INTO `contain`(`orderId`, `dishId`, `quantity`) VALUES (1,11,2);
INSERT INTO `contain`(`orderId`, `dishId`, `quantity`) VALUES (2,11,2);
INSERT INTO `contain`(`orderId`, `dishId`, `quantity`) VALUES (3,9,2);
